key,creationMoment,title,author,body,email
chirp-01,"2022/03/15 19:35",Buenos dias familia,carlos13,Hoy os traigo una nueva receta al canal,carlos13@gmail.com
chirp-02,"2022/03/15 00:00",Buenos dias familia,carlos13,Hoy os traigo una nueva receta al canal,carlos13@gmail.com
chirp-03,"2022/03/15 12:00",Buenos dias familia,carlos13,Hoy os traigo una nueva receta al canal,carlos13@gmail.com
chirp-04,"2022/03/15 23:59",Buenos dias familia,carlos13,Hoy os traigo una nueva receta al canal,carlos13@gmail.com
chirp-05,"2022/01/01 00:00",Buenos dias familia,carlos13,Hoy os traigo una nueva receta al canal,carlos13@gmail.com
chirp-06,"2021/12/31 23:59",Buenos dias familia,carlos13,Hoy os traigo una nueva receta al canal,carlos13@gmail.com
chirp-07,"2021/12/31 00:00",Buenos dias familia,carlos13,Hoy os traigo una nueva receta al canal,carlos13@gmail.com
chirp-08,"2022/03/15 19:35",!@#~€¬¿?%&/()=,carlos13,Hoy os traigo una nueva receta al canal,carlos13@gmail.com
chirp-10,"2022/03/15 19:35",<h1>Buenos días familia</h1>,<h2>carlos13</h2>,<h3>Hoy os traigo una nueva receta al canal</h3>,carlos13@gmail.com
chirp-11,"2022/03/15 19:35",<script>alert("hi!")</script>,<script>alert("carlos13")</script>,<script>alert("Hoy os traigo una nueva receta al canal")</script>,carlos13@gmail.com
chirp-12,"2022/03/15 19:35",着一家如度等合大 大度,大度大 大度,大度,carlos13@gmail.com
chirp-13,"2022/03/15 19:35",مرحباي,carlos13,Hoy os traigo una nueva receta al canal,carlos13@gmail.com
chirp-14,"2022/03/15 19:35",Buenos días familia,carlos13,Hoy os traigo una nueva receta al canal,hola$%#&/.hola@hola.hola
chirp-15,"2022/03/15 19:35",Buenos días familia,carlos13,Hoy os traigo una nueva receta al canal,not1cias-A3@hotmail.com
chirp-16,"2022/03/15 19:35",Buenos días familia,carlos13,Hoy os traigo una nueva receta al canal,elkanka~3@outlook.es